Mode,Omega,Frequency,Period (weeks),Variance Ratio,Correlation,Mean|IMF|
IMF1,0.00012,0.0011,946.0,0.7163,0.9086,59242.8202
IMF2,0.00932,0.0063,157.6667,0.1463,0.5242,5109.8839
IMF3,0.05904,0.0581,17.2,0.0071,0.1359,1144.6189
IMF4,0.16438,0.1607,6.2237,0.0013,0.067,474.6612
IMF5,0.29608,0.2918,3.4275,0.0002,0.0311,217.5323
IMF6,0.43886,0.4397,2.274,0.0007,0.0363,272.0062
IMF7,,0.0338,29.5625,0.0041,0.2389,947.6907
