Mode,Omega,Frequency,Period (days),Variance Ratio,Correlation,Mean|IMF|
IMF1,3e-05,0.00034,2932.0,0.9103,0.9849,50006.5246
IMF2,0.00237,0.00205,488.7,0.0287,0.3428,2231.226
IMF3,0.034,0.0324,30.9,0.0008,0.0431,395.0063
IMF4,0.17525,0.17769,5.6,0.0001,0.0144,94.1762
IMF5,0.23532,0.23874,4.2,0.0,0.0112,66.0452
IMF6,0.33364,0.33527,3.0,0.0,0.0093,55.2493
IMF7,0.44012,0.441,2.3,0.0,0.0076,47.0123
IMF8,,0.05935,16.9,0.0002,0.0514,200.2752
