,U,ARV,RMSDE,CR
Gold iMLP — Calibration,8.7259,0.8253,12.50638,0.1411
Gold iMLP — Test,4.143,0.0621,22.432322,0.7757
