Mode,Omega,Frequency,Period (days),Variance Ratio,Correlation,Mean|IMF|
IMF1,8e-05,0.00034,2930.0,0.9363,0.9847,71453.0768
IMF2,0.008,0.00683,146.5,0.0187,0.2496,2768.1069
IMF3,0.02835,0.02765,36.2,0.006,0.104,1232.2224
IMF4,0.06875,0.06962,14.4,0.0009,0.0511,510.1398
IMF5,0.27769,0.27918,3.6,0.0002,0.0215,183.028
IMF6,0.35213,0.36416,2.7,0.0002,0.0206,150.7646
IMF7,0.4386,0.44505,2.2,0.0001,0.0133,122.0422
IMF8,,0.13106,7.6,0.0007,0.1058,458.878
